<?xml version="1.0" encoding="UTF-8"?>
<modification>
	<name>Blog - Sellegance</name>
	<version>2.3</version>
	<code>clean-blog</code>
	<author>everthemes</author>
	
	<file path="admin/controller/common/column_left.php">
		<operation>
			<search><![CDATA[
			// Stats
			]]></search>
			<add position="before"><![CDATA[
			// Blog
			$this->load->language('blog/blog');
			$blog = array();
			if ($this->user->hasPermission('access', 'blog/blog_setting')) {
				$blog[] = array(
					'name'	   => $this->language->get('text_blog_setting'),
					'href'     => $this->url->link('blog/blog_setting', 'user_token=' . $this->session->data['user_token'], true),
					'children' => array()
				);
			}
			if ($this->user->hasPermission('access', 'blog/blog_category')) {
				$blog[] = array(
					'name'	   => $this->language->get('text_blog_category'),
					'href'     => $this->url->link('blog/blog_category', 'user_token=' . $this->session->data['user_token'], true),
					'children' => array()		
				);
			}
			if ($this->user->hasPermission('access', 'blog/blog')) {
				$blog[] = array(
					'name'	   => $this->language->get('text_blog_post'),
					'href'     => $this->url->link('blog/blog', 'user_token=' . $this->session->data['user_token'], true),
					'children' => array()		
				);
			}
			if ($this->user->hasPermission('access', 'blog/blog_comment')) {
				$blog[] = array(
					'name'	   => $this->language->get('text_blog_comment'),
					'href'     => $this->url->link('blog/blog_comment', 'user_token=' . $this->session->data['user_token'], true),
					'children' => array()		
				);
			}
			if ($blog) {
				$data['menus'][] = array(
					'id'       => 'menu-blog',
					'icon'	   => 'fa-newspaper-o', 
					'name'	   => $this->language->get('text_blog'),
					'href'     => '',
					'children' => $blog
				);
			}
			]]></add>
		</operation>
	</file>
	<file path="catalog/controller/startup/seo_url.php">
		<operation>
			<search><![CDATA[
			if ($query->row['query'] && $url[0]
			]]></search>
			<add position="before"><![CDATA[
			if ($url[0] == 'blog_id') {$this->request->get['blog_id'] = $url[1]; }
			if ($url[0] == 'blog_category_id') {
			if (!isset($this->request->get['blogpath'])) {
			$this->request->get['blogpath'] = $url[1];
				} else {
			$this->request->get['blogpath'] .= '_' . $url[1];
			}}
			]]></add>
		</operation>
		<operation>
			<search><![CDATA[
			!= 'category_id' && $url[0]
			]]></search>
			<add position="replace"><![CDATA[
			!= 'category_id' && $url[0] != 'blog_category_id' && $url[0] != 'blog_id' && $url[0] 
			]]></add>
		</operation>
		<operation>
			<search><![CDATA[
			$this->request->get['route'] = 'product/product';
			]]></search>
			<add position="after"><![CDATA[
			} elseif (isset($this->request->get['blog_id'])) {
			$this->request->get['route'] = 'blog/blog';
			} elseif ($this->request->get['_route_'] ==  'blog_home') { 
			$this->request->get['route'] = 'blog/home';
			]]></add>
		</operation>
		<operation>
			<search><![CDATA[
			$this->request->get['route'] = 'product/category';
			]]></search>
			<add position="after"><![CDATA[
			} elseif (isset($this->request->get['blogpath'])) {
			$this->request->get['route'] = 'blog/category';
			]]></add>
		</operation>
		<operation>
			<search><![CDATA[
			($data['route'] == 'information/information' && $key == 'information_id'))
			]]></search>
			<add position="replace"><![CDATA[
			($data['route'] == 'information/information' && $key == 'information_id') || ($data['route'] == 'blog/blog' && $key == 'blog_id'))
			]]></add>
		</operation>
		<operation>
			<search><![CDATA[
			} elseif ($key == 'path') {
			]]></search>
			<add position="before"><![CDATA[
			} elseif ($key == 'blogpath') {
			$blog_categories = explode('_', $value);
			foreach ($blog_categories as $category) {
			$query = $this->db->query("SELECT * FROM " . DB_PREFIX . "url_alias WHERE `query` = 'blog_category_id=" . (int)$category . "'");
			if ($query->num_rows) {
			$url .= '/' . $query->row['keyword'];
			} else {
			$url = '';
			break;
			}}
			unset($data[$key]);
			} elseif (isset($data['route']) && $data['route'] ==   'blog/home') {
			$blog_home = $this->db->query("SELECT * FROM " . DB_PREFIX . "url_alias WHERE `query` = 'blog/home'");
			if ($blog_home->num_rows) {
			$url .= '/' . $blog_home->row['keyword'];
			} else {
			$url = '';
			}
			]]></add>
		</operation>
	</file>
	<file path="catalog/controller/common/content_top.php">
		<operation>
			<search><![CDATA[
			$layout_id = 0;
			]]></search>
			<add position="after"><![CDATA[
			if ($route == 'blog/blog' && isset($this->request->get['blog_id'])) { $this->load->model('blog/blog');
			$layout_id = $this->model_blog_blog->getBlogLayoutId($this->request->get['blog_id']);}
			if ($route == 'blog/category' && isset($this->request->get['blogpath'])) { $this->load->model('blog/blog_category');
			$layout_id = $this->model_blog_blog_category->getBlogCategoryLayoutId($this->request->get['blogpath']);}
			]]></add>
		</operation>
	</file>
	<file path="catalog/controller/common/content_bottom.php">
		<operation>
			<search><![CDATA[
			$layout_id = 0;
			]]></search>
			<add position="after"><![CDATA[
			if ($route == 'blog/blog' && isset($this->request->get['blog_id'])) { $this->load->model('blog/blog');
			$layout_id = $this->model_blog_blog->getBlogLayoutId($this->request->get['blog_id']);}
			if ($route == 'blog/category' && isset($this->request->get['blogpath'])) { $this->load->model('blog/blog_category');
			$layout_id = $this->model_blog_blog_category->getBlogCategoryLayoutId($this->request->get['blogpath']);}
			]]></add>
		</operation>
	</file>
	<file path="catalog/controller/common/column_left.php">
		<operation>
			<search><![CDATA[
			$layout_id = 0;
			]]></search>
			<add position="after"><![CDATA[
			if ($route == 'blog/blog' && isset($this->request->get['blog_id'])) { $this->load->model('blog/blog');
			$layout_id = $this->model_blog_blog->getBlogLayoutId($this->request->get['blog_id']);}
			if ($route == 'blog/category' && isset($this->request->get['blogpath'])) { $this->load->model('blog/blog_category');
			$layout_id = $this->model_blog_blog_category->getBlogCategoryLayoutId($this->request->get['blogpath']);}
			]]></add>
		</operation>
	</file>
	<file path="catalog/controller/common/column_right.php">
		<operation>
			<search><![CDATA[
			$layout_id = 0;
			]]></search>
			<add position="after"><![CDATA[
			if ($route == 'blog/blog' && isset($this->request->get['blog_id'])) { $this->load->model('blog/blog');
			$layout_id = $this->model_blog_blog->getBlogLayoutId($this->request->get['blog_id']);}
			if ($route == 'blog/category' && isset($this->request->get['blogpath'])) { $this->load->model('blog/blog_category');
			$layout_id = $this->model_blog_blog_category->getBlogCategoryLayoutId($this->request->get['blogpath']);}
			]]></add>
		</operation>
	</file>
</modification>