<?xml version="1.0" encoding="utf-8"?>
<modification>
    <name>AJAX Live Search</name>
    <code>ajax-live-search</code>
    <version>2.2.4</version>
    <author>Denise (rei7092@gmail.com)</author>
    <link>http://demo.j-mall.com.tw/</link>
    <file path="catalog/controller/common/footer.php">
        <operation>
            <search>
               <![CDATA[$this->load->language('common/footer');]]>
            </search>
            <add position="before"><![CDATA[
            	//$this->load->language('product/search');

            	$data['text_view_all_results'] = $this->config->get('live_search_view_all_results')[$this->config->get('config_language_id')]['name'];
              $data['live_search_status'] = $this->config->get('live_search_status');
              $data['live_search_show_image'] = $this->config->get('live_search_show_image');
              $data['live_search_show_price'] = $this->config->get('live_search_show_price');
              $data['live_search_show_description'] = $this->config->get('live_search_show_description');
              $data['live_search_href'] = $this->url->link('product/search', 'search=');
              $data['live_search_min_length'] = $this->config->get('live_search_min_length');
            ]]>
            </add>
        </operation>
    </file>
    <file path="catalog/view/theme/*/template/common/footer.twig">
        <operation>
            <search>
               <![CDATA[</footer>]]>
            </search>
            <add position="after">
            <![CDATA[
            {% if live_search_status %}
	            <link rel="stylesheet" type="text/css" href="catalog/view/theme/default/stylesheet/live_search.css" />
				<script type="text/javascript"><!--
					var live_search = {
						selector: '#search input[name=\'search\']',
						text_no_matches: '{{ text_empty }}',
						height: '50px'
					}

					$(document).ready(function() {
						var html = '';
						html += '<div class="live-search">';
						html += '	<ul>';
						html += '	</ul>';
						html += '<div class="result-text"></div>';
						html += '</div>';

						//$(live_search.selector).parent().closest('div').after(html);
						$(live_search.selector).after(html);

						$(live_search.selector).autocomplete({
							'source': function(request, response) {
								var filter_name = $(live_search.selector).val();
								var live_search_min_length = '{{ live_search_min_length }}';
								if (filter_name.length < live_search_min_length) {
									$('.live-search').css('display','none');
								}
								else{
									var html = '';
									html += '<li style="text-align: center;height:10px;">';
									html +=	'<img class="loading" src="catalog/view/theme/default/image/loading.gif" />';
									html +=	'</li>';
									$('.live-search ul').html(html);
									$('.live-search').css('display','block');

									$.ajax({
										url: 'index.php?route=product/live_search&filter_name=' +  encodeURIComponent(filter_name),
										dataType: 'json',
										success: function(result) {
											var products = result.products;
											$('.live-search ul li').remove();
											$('.result-text').html('');
											if (!$.isEmptyObject(products)) {
												var show_image = {{ live_search_show_image }};
												var show_price = {{ live_search_show_price }};
												var show_description = {{ live_search_show_description }};
												$('.result-text').html('<a href="{{ live_search_href }}'+filter_name+'" class="view-all-results">{{ text_view_all_results }} ('+result.total+')</a>');

												$.each(products, function(index,product) {
													var html = '';
													
													html += '<li>';
													html += '<a href="' + product.url + '" title="' + product.name + '">';
													if(product.image && show_image){
														html += '	<div class="product-image"><img alt="' + product.name + '" src="' + product.image + '"></div>';
													}
													html += '	<div class="product-name">' + product.name ;
													if(show_description){
														html += '<p>' + product.extra_info + '</p>';
													}
													html += '</div>';
													if(show_price){
														if (product.special) {
															html += '	<div class="product-price"><span class="special">' + product.price + '</span><span class="price">' + product.special + '</span></div>';
														} else {
															html += '	<div class="product-price"><span class="price">' + product.price + '</span></div>';
														}
													}
													html += '<span style="clear:both"></span>';
													html += '</a>';
													html += '</li>';
													$('.live-search ul').append(html);
												});
											} else {
												var html = '';
												html += '<li style="text-align: center;height:10px;">';
												html +=	live_search.text_no_matches;
												html +=	'</li>';

												$('.live-search ul').html(html);
											}
											$('.live-search ul li').css('height',live_search.height);
											$('.live-search').css('display','block');
											return false;
										}
									});
								}
							},
							'select': function(product) {
								$(live_search.selector).val(product.name);
							}
						});

						$(document).bind( "mouseup touchend", function(e){
						  var container = $('.live-search');
						  if (!container.is(e.target) && container.has(e.target).length === 0)
						  {
						    container.hide();
						  }
						});
					});
				//--></script>
			{% endif %}
            ]]>
            </add>
        </operation>
    </file>
</modification>
